{"cameraMode":{"drawMode":0,"name":"Shaded","section":"Shading Mode"},"sceneLighting":true,"audioPlay":false,"sceneViewState":{"m_AlwaysRefresh":false,"showFog":true,"showSkybox":true,"showFlares":true,"showImageEffects":true,"showParticleSystems":true,"showVisualEffectGraphs":true,"m_FxEnabled":true},"in2DMode":false,"pivot":{"x":-146.36109924316407,"y":1.4531663656234742,"z":146.36309814453126},"rotation":{"x":0.03282807022333145,"y":-0.9243661165237427,"z":-0.08173108845949173,"w":-0.3712342083454132},"size":3.0206384658813478,"orthographic":false}