{"cameraMode":{"drawMode":0,"name":"Shaded","section":"Shading Mode"},"sceneLighting":false,"audioPlay":false,"sceneViewState":{"m_AlwaysRefresh":false,"showFog":true,"showSkybox":false,"showFlares":true,"showImageEffects":true,"showParticleSystems":true,"showVisualEffectGraphs":true,"m_FxEnabled":true},"in2DMode":false,"pivot":{"x":0.19179916381835938,"y":1.0110831260681153,"z":-38.49787902832031},"rotation":{"x":-0.0040574693121016029,"y":-0.7009161710739136,"z":-0.003989889286458492,"w":0.7132318615913391},"size":51.96546173095703,"orthographic":false}