{"cameraMode":{"drawMode":0,"name":"Shaded","section":"Shading Mode"},"sceneLighting":false,"audioPlay":false,"sceneViewState":{"m_AlwaysRefresh":false,"showFog":true,"showSkybox":false,"showFlares":true,"showImageEffects":true,"showParticleSystems":true,"showVisualEffectGraphs":true,"m_FxEnabled":true},"in2DMode":false,"pivot":{"x":5.000000476837158,"y":1.4901161193847657e-8,"z":-0.09300309419631958},"rotation":{"x":-0.029554683715105058,"y":-0.8764386177062988,"z":0.05424073338508606,"w":-0.4775415062904358},"size":0.3228229582309723,"orthographic":false}